0, 0, 0, 0, 0, 0, 0, 0, 0, 0, 0, 0, 0, 0, 0, 0, 0, 0, 0, 0, 0, 0, 0, 0, 0, 0, 0, 0, 0, 0, 0, 0, 0, 0, 0, 0, 0, 0, 0, 0, 0, 0, 0, 0, 0, 0, 0, 0, 0, 0, 0, 0, 0, 0, 0, 0, 0, 0, 0, 0, 0.749878, 0.749878, 0.749878, 0.749878, 0.749878, 0.749878, 0.749878, 0.749878, 0.749878, 0.749878, 0.749878, 0.749878, 0.749787, 0.749787, 0.749786, 0.749785, 0.749782, 0.749782, 0.749777, 0.749771, 0.749758, 0.749758, 0.74976, 0.749821, 0.75003, 0.750028, 0.750028, 0.75003, 0.750034, 0.750034, 0.750039, 0.750051, 0.75006, 0.750069, 0.750088, 0.750101, 0.676603, 0.68199, 0.677501, 0.679296, 0.684459, 0.678062, 0.68401, 0.680418, 0.681541, 0.681541, 0.681316, 0.660217, 0.913517, 0.912394, 0.917669, 0.91419, 0.907905, 0.910935, 0.908803, 0.912731, 0.907905, 0.91116, 0.91722, 0.921934, 1.17882, 1.17467, 1.18152, 1.1804, 1.18208, 1.1869, 1.17759, 1.18444, 1.18096, 1.18399, 1.18208, 1.18545, At rest
0, 0, 0, 0, 0, 0, 0, 0, 0, 0, 0, 0, 0, 0, 0, 0, 0, 0, 0, 0, 0, 0, 0, 0, 0, 0, 0, 0, 0, 0, 0, 0, 0, 0, 0, 0, 0, 0, 0, 0, 0, 0, 0, 0, 0, 0, 0, 0, 0, 0, 0, 0, 0, 0, 0, 0, 0, 0, 0, 0, 0.749878, 0.749878, 0.749878, 0.749878, 0.749878, 0.749878, 0.749878, 0.749878, 0.749878, 0.749878, 0.749878, 0.749878, 0.749816, 0.749816, 0.749816, 0.749807, 0.749801, 0.749798, 0.749796, 0.749789, 0.749788, 0.749787, 0.749787, 0.749787, 0.750009, 0.750011, 0.750011, 0.750005, 0.749996, 0.750002, 0.750001, 0.750013, 0.750021, 0.750027, 0.750028, 0.75003, 0.668635, 0.677276, 0.674807, 0.679521, 0.671104, 0.680306, 0.678398, 0.675929, 0.677164, 0.679745, 0.681541, 0.676603, 0.911496, 0.912058, 0.913741, 0.912506, 0.915649, 0.915424, 0.916098, 0.91419, 0.910262, 0.913068, 0.911833, 0.913517, 1.18556, 1.1768, 1.18208, 1.18073, 1.17916, 1.18084, 1.17961, 1.17972, 1.18118, 1.18242, 1.17725, 1.17882, At rest
0, 0, 0, 0, 0, 0, 0, 0, 0, 0, 0, 0, 0, 0, 0, 0, 0, 0, 0, 0, 0, 0, 0, 0, 0, 0, 0, 0, 0, 0, 0, 0, 0, 0, 0, 0, 0, 0, 0, 0, 0, 0, 0, 0, 0, 0, 0, 0, 0, 0, 0, 0, 0, 0, 0, 0, 0, 0, 0, 0, 0.749878, 0.749878, 0.749878, 0.749878, 0.749878, 0.749878, 0.749878, 0.749878, 0.749878, 0.749878, 0.749878, 0.749878, 0.749832, 0.749831, 0.74983, 0.749826, 0.749824, 0.749824, 0.74982, 0.74982, 0.749818, 0.749817, 0.749816, 0.749816, 0.74999, 0.749996, 0.749996, 0.749996, 0.749995, 0.749996, 0.749994, 0.749996, 0.75, 0.750006, 0.750009, 0.750009, 0.682663, 0.683785, 0.677837, 0.68098, 0.677949, 0.679857, 0.677949, 0.680867, 0.680418, 0.684234, 0.675593, 0.668635, 0.916771, 0.916771, 0.913068, 0.913629, 0.914863, 0.914975, 0.916996, 0.915649, 0.912619, 0.916098, 0.912843, 0.911496, 1.1804, 1.17804, 1.18466, 1.17972, 1.1786, 1.18073, 1.17736, 1.18084, 1.17939, 1.17523, 1.17411, 1.18556, At rest
0, 0, 0, 0, 0, 0, 0, 0, 0, 0, 0, 0, 0, 0, 0, 0, 0, 0, 0, 0, 0, 0, 0, 0, 0, 0, 0, 0, 0, 0, 0, 0, 0, 0, 0, 0, 0, 0, 0, 0, 0, 0, 0, 0, 0, 0, 0, 0, 0, 0, 0, 0, 0, 0, 0, 0, 0, 0, 0, 0, 0.749878, 0.749878, 0.749878, 0.749878, 0.749878, 0.749878, 0.749878, 0.749878, 0.749878, 0.749878, 0.749878, 0.749878, 0.749852, 0.749851, 0.749851, 0.749851, 0.749851, 0.749848, 0.749846, 0.749845, 0.749845, 0.749837, 0.749837, 0.749832, 0.749966, 0.74997, 0.74997, 0.749971, 0.749971, 0.749973, 0.749975, 0.749974, 0.749973, 0.749976, 0.749984, 0.74999, 0.68098, 0.681765, 0.680867, 0.677837, 0.684571, 0.681204, 0.684459, 0.67997, 0.676715, 0.680755, 0.683785, 0.682663, 0.919689, 0.918006, 0.916883, 0.915649, 0.917557, 0.915873, 0.918903, 0.91419, 0.91722, 0.915537, 0.915873, 0.916771, 1.17276, 1.17759, 1.17501, 1.18084, 1.17433, 1.17759, 1.17557, 1.174, 1.18152, 1.18702, 1.18062, 1.1804, At rest
0, 0, 0, 0, 0, 0, 0, 0, 0, 0, 0, 0, 0, 0, 0, 0, 0, 0, 0, 0, 0, 0, 0, 0, 0, 0, 0, 0, 0, 0, 0, 0, 0, 0, 0, 0, 0, 0, 0, 0, 0, 0, 0, 0, 0, 0, 0, 0, 0, 0, 0, 0, 0, 0, 0, 0, 0, 0, 0, 0, 0.749878, 0.749878, 0.749878, 0.749878, 0.749878, 0.749878, 0.749878, 0.749878, 0.749878, 0.749878, 0.749878, 0.749878, 0.749887, 0.749885, 0.749885, 0.749869, 0.749866, 0.749864, 0.749863, 0.749863, 0.74986, 0.749854, 0.749854, 0.749852, 0.749957, 0.74996, 0.74996, 0.749952, 0.749952, 0.749958, 0.749962, 0.74996, 0.749961, 0.74996, 0.749959, 0.749966, 0.676603, 0.680194, 0.683, 0.684908, 0.680867, 0.684234, 0.681765, 0.680531, 0.67447, 0.679408, 0.681429, 0.68098, 0.921597, 0.923954, 0.925188, 0.923841, 0.921709, 0.922046, 0.921934, 0.922383, 0.92328, 0.922719, 0.924515, 0.919689, 1.17793, 1.17568, 1.18197, 1.16749, 1.17692, 1.17882, 1.17568, 1.17714, 1.17927, 1.174, 1.17692, 1.17276, At rest
0, 0, 0, 0, 0, 0, 0, 0, 0, 0, 0, 0, 0, 0, 0, 0, 0, 0, 0, 0, 0, 0, 0, 0, 0, 0, 0, 0, 0, 0, 0, 0, 0, 0, 0, 0, 0, 0, 0, 0, 0, 0, 0, 0, 0, 0, 0, 0, 0, 0, 0, 0, 0, 0, 0, 0, 0, 0, 0, 0, 0.749878, 0.749878, 0.749878, 0.749878, 0.749878, 0.749878, 0.749878, 0.749878, 0.749878, 0.749878, 0.749878, 0.749878, 0.749932, 0.749931, 0.749931, 0.74993, 0.749921, 0.74992, 0.749915, 0.749915, 0.74991, 0.749908, 0.749895, 0.749887, 0.749929, 0.749935, 0.749935, 0.749934, 0.749932, 0.749931, 0.749934, 0.749937, 0.749939, 0.749947, 0.749955, 0.749957, 0.678511, 0.677949, 0.684459, 0.68199, 0.677613, 0.679745, 0.682439, 0.679072, 0.680867, 0.675256, 0.678511, 0.676603, 0.924852, 0.923393, 0.923168, 0.918567, 0.92227, 0.926311, 0.927882, 0.919801, 0.921148, 0.919128, 0.923841, 0.921597, 1.17647, 1.17916, 1.17781, 1.18163, 1.17546, 1.1786, 1.17602, 1.17647, 1.17602, 1.17512, 1.17534, 1.17793, At rest
0, 0, 0, 0, 0, 0, 0, 0, 0, 0, 0, 0, 0, 0, 0, 0, 0, 0, 0, 0, 0, 0, 0, 0, 0, 0, 0, 0, 0, 0, 0, 0, 0, 0, 0, 0, 0, 0, 0, 0, 0, 0, 0, 0, 0, 0, 0, 0, 0, 0, 0, 0, 0, 0, 0, 0, 0, 0, 0, 0, 0.749878, 0.749878, 0.749878, 0.749878, 0.749878, 0.749878, 0.749878, 0.749878, 0.749878, 0.749878, 0.749878, 0.749878, 0.749973, 0.749968, 0.749968, 0.749967, 0.749971, 0.749959, 0.749954, 0.749947, 0.749947, 0.749943, 0.749933, 0.749932, 0.749937, 0.74994, 0.74994, 0.749933, 0.749934, 0.749935, 0.749934, 0.749932, 0.749935, 0.749932, 0.74993, 0.749929, 0.681765, 0.681541, 0.681204, 0.679633, 0.684795, 0.681204, 0.681204, 0.683112, 0.676827, 0.677276, 0.680194, 0.678511, 0.926647, 0.931585, 0.927882, 0.927545, 0.926984, 0.926872, 0.922719, 0.923056, 0.925637, 0.915873, 0.922831, 0.924852, 1.17692, 1.17534, 1.1713, 1.17512, 1.17265, 1.17983, 1.1749, 1.18051, 1.1768, 1.17714, 1.17882, 1.17647, At rest
0, 0, 0, 0, 0, 0, 0, 0, 1.27361, 1.26806, 1.25417, 0.860648, 0, 0, 0, 0, 0, 0, 0, 0, 1.17841, 1.14811, 1.09773, 0.555303, 0, 0, 0, 0, 0.0100806, 0, 0, 0, 1.16694, 1.18508, 1.13468, 0.66371, 0, 0, 0, 0, 0, 0, 0, 0, 0, 0, 0, 0, 0.0683761, 0.0467033, 0.522589, 0.872711, 0.579976, 0.712759, 0.372405, 0.02442, 0.184066, 0.193223, 0.153541, 0.109585, 0.745179, 0.745179, 0.74517, 0.741348, 0.73836, 0.73408, 0.733165, 0.736249, 0.739372, 0.739414, 0.738437, 0.738276, 0.749895, 0.749892, 0.749835, 0.748905, 0.750504, 0.751642, 0.75232, 0.752569, 0.75317, 0.752977, 0.75312, 0.752873, 0.749117, 0.749114, 0.749041, 0.746994, 0.74894, 0.751289, 0.749671, 0.749601, 0.750988, 0.750184, 0.748452, 0.748861, 0.719923, 0.717342, 0.801849, 0.181901, 0.388513, 0.995668, 0.530594, 0.598492, 1.18298, 0.841466, 0.376617, 0.490865, 0.937084, 0.94292, 0.826989, 1.14302, 1.03248, 0.38032, 0.657524, 0.884562, 1.26019, 0.987924, 0.981078, 0.970865, 1.17052, 1.1749, 0.769415, 1.1538, 0.843149, 1.66935, 1.13943, 1.01811, 0.948981, 0.73339, 1.04976, 1.00768, Hello nice to meet you
0, 0, 0, 0, 0, 0, 0, 0, 1.28426, 1.36389, 1.28565, 1.22639, 0, 0, 0, 0, 0, 0, 0, 0, 1.0803, 1.17462, 1.15341, 1.09697, 0, 0, 0, 0, 0, 0, 0, 0, 1.01895, 1.2129, 1.20081, 1.16169, 0, 0, 0, 0, 0, 0, 0.0296093, 0, 0, 0, 0, 0, 0.0796703, 0.0485348, 0.376374, 0.550366, 0.218864, 0.0106838, 0.0518926, 0.0531136, 0.0567766, 0.0747863, 0.0671551, 0.0357143, 0.750115, 0.750115, 0.750198, 0.75057, 0.746568, 0.744264, 0.74165, 0.741901, 0.745869, 0.746858, 0.74655, 0.745677, 0.749793, 0.749781, 0.749729, 0.748256, 0.748052, 0.748659, 0.7487, 0.74948, 0.750211, 0.750615, 0.75027, 0.750282, 0.750061, 0.750061, 0.750041, 0.747506, 0.74648, 0.74956, 0.751271, 0.749515, 0.749939, 0.750712, 0.749754, 0.74877, 0.748653, 0.750786, 0.994433, 0.635415, 0.195032, 0.587157, 1.34391, 0.218936, 0.787372, 1.1483, 0.754152, 0.469766, 0.895111, 0.904202, 0.949317, 0.928892, 1.03035, 0.865258, 0.4921, 0.685132, 0.968733, 1.5448, 0.92126, 1.06873, 1.18993, 1.19218, 0.864809, 0.805441, 1.20542, 1.0437, 1.27433, 1.41091, 1.00667, 0.998361, 0.728901, 1.06491, Hello nice to meet you
0, 0, 0, 0, 0, 0, 0, 1.09306, 1.36389, 1.34213, 1.29074, 1.06713, 0, 0, 0, 0, 0, 0, 0, 0.6375, 1.09356, 1.06061, 0.939394, 0.846591, 0, 0, 0, 0, 0, 0, 0, 0.635081, 1.13508, 1.09516, 1.07218, 1.02177, 0, 0, 0, 0, 0, 0.0564713, 0, 0, 0, 0, 0, 0, 0.00579976, 0.019536, 0.757021, 0.704518, 0.00335775, 0, 0.0857753, 0, 0.0537241, 0.0369353, 0.0644078, 0.0998169, 0.73543, 0.73543, 0.73539, 0.730979, 0.726835, 0.724237, 0.723479, 0.72676, 0.728116, 0.729185, 0.728278, 0.728278, 0.749288, 0.749274, 0.749199, 0.748858, 0.749186, 0.749068, 0.750265, 0.750642, 0.751088, 0.751148, 0.751445, 0.751265, 0.748063, 0.748069, 0.747996, 0.746031, 0.748201, 0.750314, 0.748558, 0.749266, 0.750858, 0.74945, 0.748214, 0.748575, 0.731819, 0.731931, 0.827999, 0.111085, 0.552366, 1.34335, 0.138356, 0.620264, 1.37578, 0.702528, 0.42914, 0.424987, 0.952796, 0.953582, 0.934728, 0.76762, 0.740236, 0.832375, 0.444178, 0.748204, 0.972885, 1.01497, 1.00061, 1.00027, 1.16749, 1.17288, 0.697926, 1.0969, 1.07344, 1.47286, 1.1713, 0.950889, 0.796799, 0.904426, 0.979394, 0.972661, Hello nice to meet you
0, 0, 0, 0, 0, 0, 0, 0, 1.48148, 1.45787, 1.4412, 1.37176, 0, 0, 0, 0, 0, 0, 0.00871212, 0, 1.24356, 1.22576, 1.19167, 1.06288, 0, 0, 0, 0, 0, 0, 0, 0, 1.19637, 1.05847, 1.04234, 0.797984, 0, 0, 0, 0, 0, 0, 0, 0, 0, 0, 0, 0, 0, 0, 0.776557, 0.616911, 0.0564713, 0.0518926, 0.02442, 0.0784493, 0.0631868, 0.0552503, 0.0695971, 0.0781441, 0.75, 0.75, 0.750018, 0.747473, 0.742774, 0.738385, 0.736815, 0.737596, 0.741809, 0.742116, 0.741608, 0.741268, 0.749935, 0.749934, 0.749891, 0.749403, 0.750544, 0.75072, 0.750265, 0.750735, 0.751522, 0.751843, 0.752316, 0.751808, 0.750016, 0.750015, 0.749969, 0.747453, 0.747537, 0.750425, 0.750155, 0.749053, 0.750448, 0.750821, 0.749002, 0.749363, 0.719811, 0.721831, 0.918567, 0.496925, 0.120512, 0.95044, 0.771323, 0.468419, 0.788494, 1.04022, 0.348335, 0.595125, 0.916996, 0.920362, 0.876032, 0.960091, 0.990954, 0.748765, 0.665043, 0.715434, 1.2034, 1.26288, 0.952796, 1.01172, 1.18735, 1.18488, 0.659993, 0.844159, 1.07064, 1.21182, 1.23628, 1.22125, 0.980517, 0.917893, 1.0382, 1.04527, Hello nice to meet you
0, 0, 0, 0, 0, 0, 0, 0, 1.24769, 1.23704, 1.2338, 1.10694, 0, 0, 0, 0, 0, 0, 0, 0, 1.02652, 1.08674, 1.02955, 0.889394, 0, 0, 0, 0, 0, 0, 0.0266129, 0, 0.96129, 1.14073, 1.09597, 1.05161, 0, 0, 0, 0, 0, 0, 0, 0, 0, 0, 0, 0, 0, 0, 0.696276, 0.977411, 0, 0, 0.0537241, 0, 0.0927961, 0.22619, 0.139499, 0.152015, 0.732819, 0.732819, 0.732859, 0.7306, 0.725662, 0.721338, 0.720052, 0.721586, 0.7247, 0.724846, 0.724061, 0.72404, 0.748577, 0.748571, 0.74851, 0.746763, 0.747502, 0.748361, 0.747412, 0.74854, 0.748728, 0.748887, 0.748703, 0.748695, 0.74775, 0.747749, 0.747676, 0.74492, 0.746172, 0.74884, 0.747523, 0.746759, 0.748311, 0.748733, 0.747034, 0.747074, 0.671665, 0.676042, 0.891183, 0.152273, 0.248789, 1.02036, 0.739899, 0.420161, 0.837762, 1.04101, 0.411744, 0.550346, 0.944043, 0.951225, 0.793432, 0.978497, 0.828111, 0.713638, 0.658646, 0.874124, 1.11441, 1.1639, 1.01946, 1.0813, 1.1768, 1.17647, 0.672899, 0.902406, 0.962448, 1.24235, 1.1511, 1.15582, 0.922383, 0.831253, 1.01071, 1.00925, Hello nice to meet you
0, 0, 0, 0.049537, 0.284722, 0.111111, 0.151852, 0.136111, 0.346759, 1.39583, 1.28241, 1.16759, 0, 0, 0, 0.0253788, 0, 0, 0, 0, 0.174621, 1.20947, 1.1875, 1.1553, 0, 0, 0, 0, 0, 0, 0, 0, 0, 1.17702, 1.24315, 1.22379, 0, 0, 0, 0, 0, 0, 0, 0, 0, 0, 0, 0, 0, 0, 0.0265568, 0.800672, 0.893773, 0, 0, 0.0567766, 0, 0, 0.0567766, 0.0289988, 0.749871, 0.749871, 0.749916, 0.75338, 0.752786, 0.74824, 0.743824, 0.742564, 0.745461, 0.747142, 0.746582, 0.746192, 0.750117, 0.750089, 0.75005, 0.7466, 0.745079, 0.746521, 0.747142, 0.747352, 0.747962, 0.748826, 0.748991, 0.749395, 0.750026, 0.750024, 0.750049, 0.750205, 0.747601, 0.748062, 0.750836, 0.749865, 0.749409, 0.751666, 0.750354, 0.749112, 0.736533, 0.739563, 0.581097, 0.969631, 0.534746, 0.192338, 1.0666, 0.739675, 0.553488, 1.34324, 0.667624, 0.512862, 0.913629, 0.922383, 1.07389, 0.879511, 0.937758, 1.13595, 0.651576, 0.628906, 0.793208, 1.21687, 0.984557, 0.988485, 1.1933, 1.18129, 1.66935, 0.731033, 0.795452, 0.977935, 1.32113, 1.13618, 0.960765, 1.03259, 0.918455, 1.06065, Hello nice to meet you
0, 0, 0, 0, 0, 0, 0, 0.0416667, 1.29907, 1.25324, 1.20972, 0.9125, 0, 0, 0, 0, 0, 0, 0, 0, 1.09091, 1.1572, 1.10379, 0.709848, 0, 0, 0, 0, 0, 0, 0, 0, 1.09315, 1.21935, 1.23266, 1.11895, 0, 0, 0, 0, 0, 0, 0, 0, 0, 0, 0, 0, 0, 0, 0.792735, 0.935897, 0.0772283, 0, 0.045177, 0.0167888, 0, 0, 0, 0, 0.746044, 0.746044, 0.746127, 0.748765, 0.745667, 0.740091, 0.736813, 0.737027, 0.740564, 0.740655, 0.741439, 0.741353, 0.748768, 0.748761, 0.748667, 0.7455, 0.744918, 0.746368, 0.745609, 0.746944, 0.74708, 0.74792, 0.748376, 0.748322, 0.749353, 0.749354, 0.74935, 0.747098, 0.745822, 0.748039, 0.749311, 0.747425, 0.749298, 0.75001, 0.747504, 0.74771, 0.700844, 0.70769, 1.07232, 0.578515, 0.0445335, 0.614765, 1.44548, 0.0235468, 0.857851, 1.10475, 0.312983, 0.474031, 0.936411, 0.938656, 0.928218, 0.883439, 1.10745, 0.679633, 0.8482, 0.56112, 0.925188, 1.02597, 0.886694, 0.872778, 1.17995, 1.16491, 1.11631, 0.797136, 0.721718, 1.12327, 1.29072, 1.37837, 0.855158, 1.10823, 0.725422, 0.957622, Hello nice to meet you
0, 0, 0, 0, 0, 0, 0, 1.20463, 1.16389, 1.04444, 0.748148, 0, 0, 0, 0, 0, 0, 0, 0.0181818, 1.21136, 1.21098, 1.17538, 1.09848, 0.0636364, 0, 0, 0, 0, 0, 0, 0, 1.12056, 1.22137, 1.23347, 1.1496, 0, 0, 0, 0, 0, 0, 0, 0, 0, 0, 0, 0, 0, 0, 0, 0.77381, 0.0845543, 0, 0.179182, 0.0769231, 0, 0, 0, 0, 0, 0.740744, 0.740744, 0.740774, 0.739239, 0.733807, 0.730476, 0.730804, 0.734776, 0.734498, 0.734448, 0.734329, 0.73362, 0.747221, 0.747219, 0.747169, 0.746264, 0.748805, 0.748526, 0.749516, 0.749998, 0.750502, 0.75047, 0.750521, 0.749981, 0.748024, 0.748025, 0.747956, 0.74643, 0.748286, 0.74969, 0.747974, 0.749298, 0.750874, 0.748367, 0.748268, 0.748608, 0.694223, 0.688162, 0.741134, 0.283804, 0.607582, 0.101433, 0.0731517, 0.747194, 1.33617, 0.25137, 0.465389, 0.65382, 0.990281, 0.989495, 0.733054, 1.03147, 0.852015, 0.65079, 0.445413, 0.953357, 0.992974, 0.902518, 1.00341, 1.0474, 1.14179, 1.14942, 0.746521, 0.638557, 1.46231, 1.57589, 1.27758, 0.861218, 1.0354, 1.09477, 1.1052, 1.09072, Hello nice to meet you
0, 0, 0, 0, 0.940741, 1.33333, 1.34537, 1.01667, 0, 0, 0, 0, 0, 0, 0, 0, 0.418182, 1.00985, 1.01326, 0.282576, 0, 0, 0, 0, 0, 0, 0, 0, 0, 0.0197581, 0, 0, 0, 0, 0, 0, 0, 0, 0, 0, 0, 0.034188, 0, 0, 0, 0, 0, 0, 0.0732601, 0.0381563, 0.0100733, 0.0250305, 0.0830281, 0.0357143, 0.0314408, 0.0537241, 0.0760073, 0.0497558, 0.0497558, 0.0616606, 0.749973, 0.749973, 0.749948, 0.748536, 0.74845, 0.746518, 0.745906, 0.74819, 0.74801, 0.748606, 0.748488, 0.74823, 0.749724, 0.749733, 0.749719, 0.749349, 0.750776, 0.75431, 0.754918, 0.75535, 0.758427, 0.75849, 0.758495, 0.757669, 0.74997, 0.749979, 0.74997, 0.74976, 0.750109, 0.749475, 0.749067, 0.748619, 0.74672, 0.747078, 0.747417, 0.74645, 0.757632, 0.755611, 0.847751, 0.805216, 0.848873, 0.652137, 0.913068, 0.250248, 0.132296, 0.498833, 1.00577, 0.565609, 0.917893, 0.912058, 0.992637, 1.14639, 1.09218, 1.02664, 0.922046, 0.778506, 0.675817, 0.616897, 0.326114, 0.677837, 1.18881, 1.1841, 0.917332, 1.09892, 0.990168, 0.989607, 0.697253, 0.770762, 0.542041, 0.526329, 0.0618166, 0.301199, Whats you're name?
0, 0, 0, 0, 0.777778, 1.42176, 1.40972, 1.18472, 0, 0, 0, 0, 0, 0, 0.135227, 0, 0.267424, 1.06023, 1.06856, 0.778409, 0, 0, 0, 0, 0, 0, 0, 0, 0, 0.134677, 0, 0, 0, 0, 0, 0, 0, 0, 0, 0, 0, 0, 0, 0, 0, 0, 0, 0, 0.0830281, 0.0445665, 0.227411, 0.241148, 0.123321, 0.297924, 0.817155, 0.307692, 0.0454823, 0.0506716, 0.0549451, 0.0637973, 0.746425, 0.746425, 0.74637, 0.74558, 0.744883, 0.743959, 0.743481, 0.745824, 0.746394, 0.746899, 0.747385, 0.748342, 0.754415, 0.754415, 0.754398, 0.754195, 0.756381, 0.759911, 0.760269, 0.761188, 0.764158, 0.764889, 0.764821, 0.764274, 0.747818, 0.747801, 0.747783, 0.747798, 0.748334, 0.747915, 0.747637, 0.747334, 0.745699, 0.746192, 0.746718, 0.746169, 0.730809, 0.72329, 0.766722, 0.803533, 0.834508, 0.728789, 0.965703, 0.277519, 0.0590109, 0.367638, 1.10217, 0.66033, 0.985343, 0.987026, 0.988485, 1.08523, 0.968172, 1.10677, 0.956724, 0.922831, 0.869748, 0.552478, 0.558539, 0.631824, 1.15739, 1.15683, 1.13281, 1.28634, 0.887928, 0.968172, 0.516004, 0.706568, 0.541368, 0.377066, 0.20098, 0.21714, Whats you're name?
0, 0, 0, 0, 0, 0, 1.30833, 1.31157, 1.05926, 0.0203704, 0, 0, 0, 0, 0, 0, 0, 0, 0.993939, 1.02765, 0.406818, 0, 0, 0, 0, 0, 0, 0, 0, 0, 0.0778226, 0.0842742, 0, 0, 0, 0, 0, 0, 0, 0, 0, 0, 0, 0, 0, 0, 0, 0, 0.0811966, 0.0558608, 0.0811966, 0.600427, 0.583333, 0.405067, 0.59707, 0.659646, 0.0894383, 0.0433455, 0.019536, 0.00488401, 0.747217, 0.747217, 0.747273, 0.751334, 0.749811, 0.748965, 0.74833, 0.74796, 0.750208, 0.750641, 0.750865, 0.751122, 0.762575, 0.762565, 0.762495, 0.761688, 0.761138, 0.763088, 0.766329, 0.767016, 0.767262, 0.770161, 0.771195, 0.770766, 0.746375, 0.746379, 0.746362, 0.7454, 0.744966, 0.745642, 0.745563, 0.745093, 0.744653, 0.742089, 0.742547, 0.742848, 0.743154, 0.725983, 0.818459, 0.850332, 0.826989, 0.811164, 0.793432, 0.860657, 0.45787, 0.189645, 0.508148, 0.892866, 0.923505, 0.934279, 0.844384, 1.11485, 1.13, 1.12731, 0.664931, 0.870421, 0.786025, 0.687264, 0.716444, 0.597931, 1.17579, 1.19296, 1.28881, 0.811501, 1.16154, 1.07468, 0.894662, 0.640465, 0.562018, 0.167199, 0.183472, 0.147559, Whats you're name?
0, 0, 0, 0, 0, 0, 1.01065, 1.22546, 1.16667, 0.465741, 0, 0, 0, 0, 0, 0, 0, 0, 0.734848, 0.990152, 0.969318, 0, 0, 0, 0, 0, 0, 0, 0, 0, 0, 0, 0, 0, 0, 0, 0, 0, 0, 0, 0, 0, 0, 0.496947, 0.320513, 0, 0, 0.322955, 0.0436508, 0.019536, 0.0201465, 0.0628816, 0.307692, 0.417888, 0.380647, 0.503053, 0.494811, 0.191392, 0.0320513, 0.0723443, 0.751485, 0.751485, 0.751467, 0.755078, 0.754349, 0.754082, 0.753184, 0.751801, 0.751451, 0.756003, 0.754604, 0.754654, 0.770525, 0.770528, 0.770481, 0.768831, 0.767815, 0.768211, 0.770829, 0.773991, 0.774407, 0.775974, 0.778554, 0.778708, 0.7437, 0.743706, 0.743712, 0.743404, 0.742929, 0.743003, 0.743537, 0.742294, 0.742281, 0.741427, 0.739734, 0.739364, 0.688948, 0.688723, 0.726993, 0.846628, 0.907568, 0.775925, 0.839221, -0.169373, -0.169373, 0.554386, 0.288181, 0.205805, 0.947185, 0.952011, 0.971426, 1.11115, 1.14897, 1.02732, 1.04595, 1.66935, 0.578066, 0.854036, 0.809144, 0.613643, 1.17366, 1.17052, 1.308, 0.873788, 1.1612, 1.23404, 1.06906, 1.66935, 1.66935, 0.184145, 0.598829, 0.146773, Whats you're name?
0, 0, 0, 0, 0.630093, 0.57037, 0.914352, 0, 0, 0, 0, 0, 0, 0, 0, 0, 0.941667, 1, 0.794697, 0.0924242, 0, 0, 0, 0, 0, 0, 0, 0, 0, 0.331048, 0.0193548, 0, 0, 0, 0, 0, 0, 0, 0, 0, 0, 0, 0, 0, 0, 0, 0, 0, 0.0494506, 0.0686813, 0.0830281, 0.0528083, 0.0720391, 0.0775336, 0.0586081, 0.0579976, 0.0656288, 0.00488401, 0.0537241, 0.0665446, 0.75, 0.75, 0.749975, 0.749559, 0.74831, 0.747273, 0.747287, 0.752149, 0.750793, 0.750743, 0.750932, 0.752939, 0.74992, 0.74992, 0.749912, 0.750812, 0.754082, 0.75645, 0.756296, 0.755573, 0.756988, 0.758526, 0.759006, 0.75768, 0.750019, 0.750019, 0.75002, 0.750254, 0.750762, 0.749432, 0.749226, 0.748238, 0.746801, 0.746261, 0.746709, 0.747387, 0.677052, 0.678847, 0.86032, 0.846516, 0.780638, 0.288854, 0.299965, 0.175841, 0.739451, 0.305576, 0.0989642, 0.439465, 0.897131, 0.893652, 1.10329, 1.04639, 1.5182, 1.03719, 0.743154, 0.679296, 0.610949, 1.03102, 0.519483, 0.718576, 1.18724, 1.18545, 1.07019, 1.0942, 1.33089, 0.864585, 1.03876, 0.0428501, 0.440699, 0.434975, 0.429027, 0.38436, Whats you're name?
0, 0, 0, 0, 1.02731, 1.26898, 1.28935, 0.788426, 0, 0, 0, 0.102778, 0, 0, 0, 0, 0.450758, 1.03674, 0.993939, 0, 0, 0, 0, 0, 0, 0, 0, 0, 0, 0.252823, 0.106452, 0, 0, 0, 0, 0, 0, 0, 0, 0, 0, 0.0115995, 0.043956, 0, 0, 0, 0, 0, 0.0735653, 0.0674603, 0.0918803, 0.0705128, 0.0702076, 0.234737, 0.258547, 0.0717338, 0.0454823, 0.047619, 0.0732601, 0.034188, 0.751065, 0.751065, 0.751044, 0.749554, 0.749584, 0.748118, 0.747762, 0.751445, 0.750523, 0.751283, 0.751509, 0.751752, 0.754365, 0.754367, 0.754346, 0.753847, 0.756368, 0.759337, 0.759421, 0.760373, 0.762631, 0.76336, 0.763724, 0.763515, 0.748119, 0.748116, 0.748114, 0.747952, 0.748611, 0.747686, 0.747572, 0.746887, 0.745023, 0.744762, 0.744883, 0.74507, 0.782658, 0.773007, 0.87491, 0.774802, 0.852352, -0.0982208, -0.169373, 0.324318, 0.292109, 0.171351, 0.295812, 0.676715, 0.904314, 0.902069, 1.02193, 1.02608, 1.31776, 1.43033, 0.13353, 1.03259, 0.995106, 0.934391, 0.775251, 0.74091, 1.18432, 1.2006, 0.848087, 1.36254, 0.888826, 1.16738, 1.3713, 0.309504, 0.593105, 0.402093, 0.335541, 0.337225, Whats you're name?
0, 0, 0, 0, 0.524074, 1.30602, 1.32593, 1.08796, 0.260648, 0.0453704, 0.037963, 0.197222, 0, 0, 0, 0, 0, 1.05038, 1.02045, 0.650758, 0, 0.0981061, 0.191288, 0, 0, 0, 0, 0, 0, 0.0645161, 0.187097, 0, 0, 0, 0, 0, 0, 0, 0, 0, 0, 0, 0, 0, 0, 0, 0, 0, 0.0424298, 0.0494506, 0.0555556, 0.0689866, 0.0308303, 0.0760073, 0.0851648, 0.00549451, 0.0140415, 0.0744811, 0.039072, 0.0494506, 0.751857, 0.751857, 0.7518, 0.750447, 0.750435, 0.748982, 0.748827, 0.752857, 0.751893, 0.752061, 0.752201, 0.752507, 0.761277, 0.761268, 0.761238, 0.761007, 0.762855, 0.766023, 0.766411, 0.767288, 0.7698, 0.770104, 0.770363, 0.769844, 0.744979, 0.744979, 0.744962, 0.744797, 0.745229, 0.744324, 0.744048, 0.743578, 0.741771, 0.741265, 0.741397, 0.741896, 0.717566, 0.719025, 0.848985, 0.733839, 0.881195, 0.651351, -0.169373, 0.501639, 0.345978, 0.329032, 0.205581, 0.604889, 0.894662, 0.895784, 1.01609, 1.20015, 1.13045, 1.02507, 0.792647, 0.749327, 0.985343, 1.03259, 0.705894, 0.742144, 1.1951, 1.1933, 0.95044, 1.464, 0.80892, 1.01531, 1.66935, 0.0769675, 0.450126, 0.297608, 0.372801, 0.350243, Whats you're name?
0, 0, 1.04815, 1.03194, 0.809722, 0.831019, 0.592593, 0, 0, 0, 0, 0, 0, 0, 1.14356, 1.13447, 1.06174, 1.07386, 1.04394, 0.439773, 0, 0, 0, 0, 0, 0, 1.32621, 1.35726, 1.25887, 1.24516, 1.27056, 1.0625, 0, 0, 0, 0, 0, 0, 1.25, 1.25, 0, 0, 0, 0, 0, 0, 0, 0, 0, 0, 0.805861, 0.678877, 0, 0.0445665, 0.0173993, 0, 0, 0, 0, 0, 0.75, 0.75, 0.750131, 0.75498, 0.752365, 0.752128, 0.753529, 0.752619, 0.751967, 0.751566, 0.751546, 0.751525, 0.749937, 0.749931, 0.750024, 0.752501, 0.749524, 0.74944, 0.750283, 0.749275, 0.746827, 0.74656, 0.74652, 0.746554, 0.749988, 0.749987, 0.750008, 0.750324, 0.751529, 0.751855, 0.749207, 0.75003, 0.751274, 0.751273, 0.751257, 0.751263, 0.68098, 0.683785, 0.491987, 0.254512, 0.53744, 0.893091, 0.11636, 0.353161, 0.589289, 0.655616, 0.675256, 0.664594, 0.929565, 0.934952, 0.714873, 1.31552, 0.98523, 1.21867, 0.575934, 0.768181, 1.06637, 1.00532, 1.00801, 0.999708, 1.16783, 1.17422, 0.833722, 0.489518, 0.715434, 0.917893, 0.673685, 0.865595, 1.11934, 1.1483, 1.12002, 1.13539, How are you?
0, 0, 1.05463, 1.02222, 1.09167, 1.06944, 1.0875, 1.09907, 0, 0, 0, 0, 0, 0, 1.07955, 1.0553, 1.04053, 1.03523, 1.01818, 0.968182, 0.315152, 0.0734848, 0, 0, 0, 0, 1.32661, 1.32702, 1.26573, 1.21935, 1.20847, 1.16129, 0.36129, 0, 0, 0, 0, 0, 1.25, 1.25, 0.503663, 0, 0, 0, 0, 0, 0, 0, 0, 0, 0.85928, 0.872405, 0.0314408, 0.308608, 0.405067, 0.382173, 0, 0, 0, 0, 0.751525, 0.751525, 0.751564, 0.755851, 0.753847, 0.752491, 0.75343, 0.753433, 0.751417, 0.750817, 0.750818, 0.750757, 0.746492, 0.746492, 0.746504, 0.74816, 0.746837, 0.74571, 0.746801, 0.746558, 0.744466, 0.743039, 0.742975, 0.742873, 0.751275, 0.751274, 0.751291, 0.751427, 0.751813, 0.752986, 0.750369, 0.749887, 0.751223, 0.751295, 0.751209, 0.751112, 0.669083, 0.662013, 0.517688, 0.518137, 0.360568, 0.91419, 0.233301, 0.31837, 0.598941, 0.666951, 0.673797, 0.671552, 1.00184, 1.00004, 0.840568, 1.34447, 0.957959, 1.21721, 0.908578, 0.684459, 1.03865, 1.07041, 0.97311, 0.982088, 1.1336, 1.13427, 1.25357, 0.627222, 0.534522, 0.885684, 0.908691, 0.772558, 1.09005, 1.16917, 1.13898, 1.1309, How are you?
0, 0, 0.920833, 0.663889, 0.618981, 0.581944, 0.207407, 0, 0, 0, 0, 0, 0, 0, 1.16326, 1.13371, 1.11856, 1.08409, 0.969318, 0.1875, 0, 0, 0, 0, 0, 0, 1.32903, 1.25927, 1.25726, 1.26694, 1.22379, 0.247984, 0, 0, 0, 0, 0, 0, 1.25, 0, 0, 0, 0, 0, 0, 0, 0, 0, 0, 0, 0.445055, 0, 0, 0, 0, 0, 0, 0, 0, 0, 0.750528, 0.750528, 0.750611, 0.748178, 0.747671, 0.748044, 0.748453, 0.747264, 0.745692, 0.74567, 0.745643, 0.745643, 0.742691, 0.742687, 0.742704, 0.73946, 0.739002, 0.740695, 0.74029, 0.738284, 0.737083, 0.737102, 0.737057, 0.737013, 0.751118, 0.751116, 0.751122, 0.752999, 0.754003, 0.751368, 0.750968, 0.75284, 0.752948, 0.752803, 0.752798, 0.752753, 0.689397, 0.682439, 0.34104, 0.567292, 0.98119, 0.269888, 0.320839, 0.759203, 0.74394, 0.681429, 0.711506, 0.692427, 0.964244, 0.957847, 1.27803, 0.982088, 1.24178, 0.802523, 0.787484, 1.13595, 1.0345, 0.975466, 0.977038, 0.990281, 1.14852, 1.16996, 0.289752, 0.768293, 0.950215, 0.889387, 0.858861, 0.992974, 1.19128, 1.14415, 1.1474, 1.15065, How are you?
0, 0, 1.25509, 1.11852, 0.94537, 0.6125, 0.606944, 0.597685, 0.0194444, 0, 0, 0, 0, 0, 1.21439, 1.10871, 0.868939, 0.801136, 0.755303, 0.624621, 0.334848, 0, 0, 0, 0, 0, 1.3629, 1.31573, 1.21935, 1.2254, 1.21532, 1.2254, 1.14556, 0.354839, 0, 0, 0, 0, 1.25, 1.25, 0.0668498, 0.517399, 0, 0, 0, 0, 0, 0, 0, 0, 0.858669, 0.824786, 0.367521, 0.239621, 0.253968, 0.28602, 0.193834, 0, 0, 0, 0.75, 0.75, 0.750031, 0.754585, 0.753593, 0.753269, 0.753322, 0.753947, 0.753544, 0.752428, 0.751295, 0.751225, 0.749947, 0.749944, 0.749988, 0.752627, 0.750379, 0.749848, 0.750514, 0.750583, 0.750342, 0.747782, 0.747437, 0.747509, 0.750001, 0.750003, 0.750025, 0.750337, 0.751142, 0.752387, 0.750371, 0.74884, 0.749774, 0.751052, 0.750929, 0.750828, 0.724187, 0.718464, 0.726769, 0.311749, 0.455177, 0.956949, 0.445525, 0.225782, 0.379759, 0.846628, 0.728789, 0.721045, 0.922719, 0.923505, 0.582331, 1.48532, 1.04898, 1.08489, 0.981976, 0.800278, 0.950776, 1.05852, 1.0116, 0.977374, 1.18219, 1.185, 1.39498, 0.855607, 0.803421, 0.984557, 0.874349, 0.906895, 0.920811, 0.982986, 1.18926, 1.15683, How are you?
0, 0, 1.38056, 1.12315, 1.0963, 1.06667, 1.07546, 0.44213, 0, 0, 0, 0, 0, 0, 1.2303, 1.04242, 1.01742, 1.00833, 1, 0.108712, 0, 0, 0, 0, 0, 0, 1.35685, 1.24516, 1.22782, 1.23226, 1.23226, 0.819355, 0, 0, 0, 0, 0, 0, 1.25, 0, 0, 0, 0, 0, 0, 0, 0, 0, 0, 0, 0.672466, 0.0717338, 0.0790598, 0.0897436, 0.186508, 0, 0, 0, 0, 0, 0.751225, 0.751225, 0.751356, 0.751467, 0.751077, 0.751307, 0.751604, 0.751174, 0.750211, 0.750132, 0.75005, 0.75005, 0.747428, 0.747426, 0.747473, 0.745822, 0.745542, 0.746102, 0.746023, 0.7449, 0.743889, 0.744111, 0.74407, 0.744051, 0.750876, 0.750879, 0.750864, 0.751529, 0.75266, 0.750239, 0.749346, 0.750754, 0.75124, 0.751036, 0.751086, 0.751108, 0.71173, 0.708251, 0.298955, 0.535756, 0.919689, 0.673348, 0.282345, 0.562242, 0.720484, 0.593554, 0.604664, 0.613531, 0.974456, 0.968957, 1.30811, 1.03977, 1.13865, 1.05571, 0.768854, 1.0694, 1.1006, 1.05055, 1.02619, 1.0373, 1.16165, 1.15862, 0.961101, 0.743603, 1.09185, 0.682551, 0.879399, 0.979507, 1.02518, 1.11059, 1.10924, 1.09892, How are you?
0, 0, 0, 1.05139, 1.20972, 1.03056, 0.854167, 0.671759, 0.625, 0, 0, 0, 0, 0, 0, 1.12992, 1.01174, 0.873485, 0.775, 0.689773, 0.668561, 0.0643939, 0, 0, 0, 0, 0, 1.30847, 1.25685, 1.21895, 1.22016, 1.20645, 1.21331, 0.733065, 0, 0, 0, 0, 0, 1.25, 1.25, 0.113248, 0, 0, 0, 0, 0, 0, 0, 0, 0, 0.0100733, 0.233516, 0, 0, 0, 0, 0, 0, 0, 0.75005, 0.75005, 0.750041, 0.747161, 0.750791, 0.750072, 0.750061, 0.749712, 0.749823, 0.749413, 0.748157, 0.748119, 0.74396, 0.743954, 0.743955, 0.744236, 0.74704, 0.744579, 0.743947, 0.74427, 0.744251, 0.743173, 0.741831, 0.742007, 0.751135, 0.751136, 0.751138, 0.751837, 0.752363, 0.753245, 0.754548, 0.752587, 0.751171, 0.75222, 0.75283, 0.75265, 0.620825, 0.620825, 0.606011, 0.634854, 0.0293827, 0.423304, 0.933269, 0.553937, 0.234873, 0.479867, 0.752581, 0.683561, 1.03113, 1.03124, 1.05145, 0.737206, 1.47477, 0.975242, 1.14538, 1.03012, 0.780414, 0.96256, 1.0189, 0.983435, 1.09993, 1.09757, 1.14493, 1.12136, 0.921934, 0.710047, 1.05605, 0.936187, 0.978833, 0.985904, 1.18118, 1.174, How are you?
0, 0, 1.38611, 1.29583, 1.07454, 1.30509, 1.2875, 1.22546, 1.21481, 1.15833, 1.15463, 1.12593, 0, 0, 1.1928, 1.15114, 0.829924, 1.13371, 1.16023, 1.12727, 1.06326, 1.06667, 1.0553, 1.04015, 0, 0, 1.31169, 1.16129, 0.771371, 1.27379, 1.29032, 1.24637, 1.21815, 1.18468, 1.18065, 1.18669, 0, 0, 0, 0.0714286, 1.20421, 1.25, 1.25, 1.25, 0, 0, 0, 0, 0, 0, 0.735958, 0.771673, 0, 0.484432, 0.373932, 0.195055, 0.405372, 0.583333, 0.495726, 0.503053, 0.749967, 0.749967, 0.749925, 0.748984, 0.751296, 0.754032, 0.753704, 0.754008, 0.755714, 0.755274, 0.754751, 0.754981, 0.749845, 0.749839, 0.749845, 0.749415, 0.749459, 0.749739, 0.749757, 0.750001, 0.748692, 0.749028, 0.748366, 0.748953, 0.750111, 0.750116, 0.75009, 0.749762, 0.750754, 0.751729, 0.751605, 0.751383, 0.750784, 0.751809, 0.750911, 0.751794, 0.695794, 0.696692, 0.54754, 0.611174, 0.688836, 0.895111, 0.833386, 0.837762, 0.414774, 1.18646, 0.273142, 0.911945, 0.904763, 0.906558, 0.365618, 0.582219, 1.05122, 1.20284, 1.06143, 1.12282, 1.14549, 1.09892, 1.18174, 1.11867, 1.18062, 1.18567, 1.2594, 1.28645, 1.0758, 0.832375, 0.697253, 0.981976, 0.656851, 0.795677, 1.03966, 0.77267, Where do you work?
0, 0, 0, 1.39954, 1.35278, 1.16389, 1.30787, 1.29537, 1.2662, 1.22222, 1.17083, 1.20741, 0, 0, 0, 1.1822, 1.12955, 0.82803, 1.11098, 1.12121, 1.12538, 1.06212, 1.04242, 1.03598, 0, 0, 0, 1.22298, 1.26452, 0.987097, 1.29073, 1.30282, 1.26089, 1.09476, 1.07218, 1.13185, 0, 0, 0, 0, 0, 1.04884, 1.25, 1.25, 1.25, 0.465507, 0, 0, 0, 0, 0, 0.034188, 0.350733, 0, 0.483822, 0.409951, 0.336081, 0.111416, 0.42094, 0.325397, 0.753784, 0.753784, 0.753796, 0.75426, 0.752338, 0.754444, 0.757965, 0.757413, 0.756606, 0.759874, 0.758036, 0.759216, 0.748931, 0.74893, 0.748932, 0.748746, 0.748374, 0.74826, 0.748793, 0.748573, 0.74875, 0.747802, 0.747604, 0.747041, 0.751397, 0.751397, 0.751395, 0.750691, 0.749761, 0.750683, 0.751556, 0.751499, 0.751288, 0.751188, 0.751934, 0.750793, 0.690856, 0.69108, 0.66841, 0.74697, 0.588391, 0.676042, 0.742593, 0.824856, 0.671777, 0.684234, 1.24773, 0.313096, 0.896682, 0.898141, 1.0336, 0.973783, 0.504445, 0.913965, 1.25155, 1.06458, 1.19038, 1.04965, 1.09409, 1.19925, 1.18803, 1.19364, 1.36041, 1.01654, 1.30598, 1.15582, 0.848985, 0.760101, 1.3456, 0.396706, 0.985904, 0.658759, Where do you work?
0, 0, 1.37361, 1.28241, 0.965278, 1.28056, 1.26528, 1.23056, 1.21343, 1.18102, 1.18472, 1.15231, 0, 0, 1.18106, 1.13788, 0.810227, 1.05303, 1.11591, 1.09735, 1.00682, 1.00455, 1.00795, 1.0053, 0, 0, 1.2254, 1.27218, 0.935081, 1.26976, 1.30887, 1.28024, 1.07823, 1.09919, 1.18952, 1.15968, 0, 0, 0, 0, 0, 1.25, 1.25, 1.25, 0.384005, 0, 0, 0, 0, 0, 0.330281, 0.660867, 0.039072, 0, 0.268315, 0.110195, 0, 0.113248, 0.168193, 0.2442, 0.76001, 0.76001, 0.759965, 0.757982, 0.758816, 0.763084, 0.762349, 0.762015, 0.76536, 0.76307, 0.76482, 0.763745, 0.747193, 0.747192, 0.74718, 0.746586, 0.746614, 0.747412, 0.747229, 0.747331, 0.746595, 0.746523, 0.745975, 0.746371, 0.751587, 0.751576, 0.751547, 0.750721, 0.75121, 0.7525, 0.752616, 0.752432, 0.752051, 0.752474, 0.751432, 0.75262, 0.670655, 0.667849, 0.721157, 0.668747, 0.683898, 0.958296, 0.759988, 0.793208, 0.618805, 1.05908, 0.0946995, 1.0217, 0.916322, 0.930351, 0.865819, 0.636762, 0.609715, 1.23079, 1.09948, 1.22585, 1.13034, 1.1309, 1.16109, 1.19072, 1.17164, 1.17613, 1.03405, 1.24807, 1.21148, 0.670879, 1.00465, 1.27096, 0.45585, 1.19195, 0.605338, 0.873002, Where do you work?
0, 0, 1.26667, 1.27269, 1.02407, 1.225, 1.24815, 1.21296, 1.11111, 1.08657, 1.14074, 1.05926, 0, 0, 1.19356, 1.1697, 0.873485, 1.08447, 1.10265, 1.10114, 1.01818, 1.01402, 1.01667, 1.01553, 0, 0, 1.27056, 1.30847, 1.04637, 1.28387, 1.30726, 1.28952, 1.16935, 1.13387, 1.1996, 1.18629, 0, 0, 0, 0, 0.683761, 1.25, 1.25, 1.25, 0.0784493, 0, 0, 0, 0, 0, 0.174908, 0.600122, 0, 0, 0.0381563, 0, 0, 0.278999, 0.382784, 0.39072, 0.763302, 0.763302, 0.763244, 0.761649, 0.764378, 0.767693, 0.767038, 0.766107, 0.769691, 0.768256, 0.769831, 0.768943, 0.745839, 0.745834, 0.745822, 0.745539, 0.745432, 0.745976, 0.745945, 0.746189, 0.745183, 0.745172, 0.744625, 0.745275, 0.752376, 0.752369, 0.752335, 0.751482, 0.752327, 0.753359, 0.753253, 0.753154, 0.752835, 0.753565, 0.752709, 0.753836, 0.709598, 0.706231, 0.762121, 0.677725, 0.70971, 0.873227, 0.812736, 0.693774, 0.626773, 1.10812, 0.273816, 1.21429, 0.941461, 0.942808, 0.81902, 0.507699, 0.903079, 1.21395, 1.09454, 1.13146, 1.12159, 1.23, 1.22237, 1.07153, 1.17041, 1.17703, 1.05638, 1.23191, 1.07973, 0.885459, 0.824071, 1.35614, 0.56213, 1.10026, 0.556182, 0.810042, Where do you work?
0, 0, 1.34028, 1.28056, 1.10972, 1.30139, 1.29583, 1.23981, 1.23426, 1.23472, 1.20787, 1.21991, 0, 0, 1.16174, 1.14167, 0.831439, 1.12083, 1.09091, 1.05417, 1.01212, 1.01742, 1.00227, 0.996591, 0, 0, 1.26452, 1.31411, 1.07742, 1.31573, 1.32702, 1.26976, 1.21573, 1.21573, 1.17863, 1.18347, 0, 0, 0, 0, 0.9942, 1.25, 1.25, 1.25, 0, 0, 0, 0, 0, 0, 0, 0.577534, 0, 0.248474, 0.152625, 0.135226, 0.014652, 0.300672, 0.253358, 0.26862, 0.767704, 0.767704, 0.76763, 0.765963, 0.768708, 0.771253, 0.770946, 0.771909, 0.772296, 0.773603, 0.771514, 0.773074, 0.74523, 0.74522, 0.745218, 0.744996, 0.745225, 0.745626, 0.745645, 0.745627, 0.744692, 0.744768, 0.744715, 0.744465, 0.753271, 0.753268, 0.753231, 0.752489, 0.753797, 0.754711, 0.754649, 0.754676, 0.753759, 0.754556, 0.754567, 0.754423, 0.706792, 0.707017, 0.724187, 0.698263, 0.74899, 0.833049, 0.817561, 0.929902, 0.391319, 0.873227, 0.79837, 0.78423, 0.888265, 0.891183, 0.727554, 0.539235, 0.952011, 1.23965, 1.02305, 1.05459, 1.08725, 1.04247, 1.20946, 1.05088, 1.18522, 1.19745, 1.09353, 1.30317, 0.968059, 1.01003, 0.620376, 0.897692, 0.977487, 0.444515, 1.20969, 0.500741, Where do you work?
0, 0, 1.37083, 1.2088, 1.36204, 1.30602, 1.30694, 1.22731, 1.20833, 1.19583, 1.16574, 1.1412, 0, 0, 1.1928, 1.08258, 1.15947, 1.18144, 1.18674, 1.10114, 1.09697, 1.08523, 1.0678, 1.0178, 0, 0, 1.30565, 1.23831, 1.29032, 1.28387, 1.29435, 1.24637, 1.23831, 1.24597, 1.2125, 1.20605, 0, 0, 0, 0, 1.25, 1.25, 1.25, 0.0601343, 0, 0, 0, 0, 0, 0, 0.893773, 0.81044, 0, 0.199939, 0.123932, 0.234127, 0.593407, 0.478327, 0.501526, 0.508242, 0.749765, 0.749765, 0.749704, 0.748969, 0.752519, 0.751852, 0.751476, 0.755195, 0.754092, 0.755387, 0.754734, 0.754025, 0.749866, 0.749855, 0.749833, 0.749322, 0.7494, 0.749476, 0.749747, 0.749051, 0.749222, 0.748785, 0.749388, 0.749093, 0.750112, 0.750115, 0.750086, 0.749837, 0.750879, 0.750833, 0.750823, 0.750472, 0.750889, 0.750283, 0.751082, 0.750441, 0.719025, 0.72329, 0.682439, 0.654045, 0.899825, 0.463145, 0.305352, 0.726095, 0.899151, 0.364159, 1.03304, 0.464043, 0.891969, 0.885908, 0.807236, 0.56213, 1.2199, 1.26692, 1.44694, 1.08612, 1.23527, 1.085, 1.10846, 1.24369, 1.19139, 1.18646, 1.14942, 1.27209, 0.911496, 1.41159, 1.66935, 0.518922, 1.2006, 0.531379, 0.78423, 1.02047, Where do you work?
0, 0, 1.33333, 1.24491, 1.02963, 1.45463, 1.43194, 1.3875, 1.40926, 1.39213, 1.38519, 1.35556, 0, 0, 1.19621, 1.11439, 0.723864, 1.15758, 1.13902, 1.09508, 1.11326, 1.11098, 1.05833, 1.04659, 0, 0, 1.31452, 1.30081, 1.0129, 1.34153, 1.34637, 1.29839, 1.29435, 1.28427, 1.26492, 1.25081, 0, 0, 0, 0, 1.19841, 1.25, 1.25, 1.05891, 0, 0, 0, 0, 0, 0, 0.362027, 0.418498, 0, 0, 0, 0, 0.506716, 0.557387, 0.564713, 0.452991, 0.75408, 0.75408, 0.754031, 0.75278, 0.756187, 0.75634, 0.756575, 0.757757, 0.759837, 0.760348, 0.758482, 0.760278, 0.748996, 0.748995, 0.748989, 0.748733, 0.748867, 0.749447, 0.749616, 0.749584, 0.748802, 0.749138, 0.748653, 0.74863, 0.750126, 0.75013, 0.750101, 0.74956, 0.750681, 0.75114, 0.75116, 0.75123, 0.750207, 0.751485, 0.750993, 0.751184, 0.705445, 0.701069, 0.807124, 0.67144, 0.842139, 0.786137, 0.821938, 0.893315, 0.345417, 0.858413, 0.570547, 0.834283, 0.906446, 0.91217, 0.695794, 0.468195, 1.08725, 1.0749, 1.01205, 1.07266, 1.05358, 1.16345, 1.17355, 1.11171, 1.18219, 1.18904, 1.10083, 1.30317, 0.95145, 1.32214, 0.692315, 1.05582, 0.655279, 0.750449, 1.18803, 0.475714, Where do you work?
0, 0, 0, 1.30093, 1.29769, 0.893981, 1.41157, 1.40602, 1.35972, 1.34306, 1.33843, 1.30324, 0, 0, 0.168561, 1.15152, 1.13864, 0.913258, 1.16288, 1.17917, 1.11023, 1.0572, 1.05909, 1.03258, 0, 0, 0.311694, 1.29395, 1.28911, 1.12661, 1.28992, 1.29677, 1.23831, 1.19476, 1.18508, 1.17944, 0, 0, 0, 0, 0, 0, 1.25, 1.25, 1.25, 0, 0, 0, 0, 0, 0, 0.372405, 0.528694, 0.331807, 0.447497, 0.36569, 0.300672, 0.438645, 0.507631, 0.538462, 0.759249, 0.759249, 0.759312, 0.759298, 0.757483, 0.759088, 0.761941, 0.761254, 0.761888, 0.764775, 0.765272, 0.763354, 0.749, 0.749, 0.749001, 0.748531, 0.748545, 0.748328, 0.749349, 0.748984, 0.749225, 0.748333, 0.748474, 0.748254, 0.751988, 0.751988, 0.752005, 0.750993, 0.750048, 0.750808, 0.752151, 0.752104, 0.751931, 0.750817, 0.751853, 0.751921, 0.707017, 0.701966, 0.554162, 0.676603, 0.616785, 0.584576, 0.940788, 0.90061, 0.84921, 0.0576642, 0.79938, 0.869523, 0.85527, 0.850781, 1.03629, 0.792983, 0.61802, 0.652923, 1.08826, 1.04179, 0.972548, 1.1015, 1.09308, 1.18735, 1.20228, 1.19667, 1.53717, 1.05593, 1.23393, 1.219, 0.784117, 0.710271, 1.11036, 0.687264, 0.551356, 1.39464, Where do you work?
0, 0, 1.16898, 0.318519, 0, 0, 1.38472, 1.38796, 1.33009, 1.29167, 1.21806, 0.702315, 0, 0, 1.2072, 0.635227, 0.127652, 0, 0.956439, 1.06402, 1.00985, 0.969318, 0.877273, 0.452273, 0, 0, 1.30968, 1.0625, 0.0979839, 0, 1.2496, 1.28347, 1.24516, 1.28145, 1.19113, 0.830242, 0, 0, 0, 0, 0, 0, 1.25, 1.25, 1.25, 0.224359, 0, 0.37149, 0, 0, 1.25, 0.282357, 0, 0, 0, 0, 0, 0.394689, 0, 0, 0.749659, 0.749659, 0.749538, 0.749125, 0.751755, 0.752499, 0.754529, 0.758001, 0.758869, 0.758522, 0.757514, 0.755567, 0.749955, 0.74994, 0.749954, 0.749565, 0.746947, 0.746707, 0.746768, 0.746141, 0.745875, 0.745292, 0.745878, 0.746158, 0.749881, 0.749884, 0.749891, 0.749701, 0.747404, 0.74726, 0.747206, 0.747887, 0.747922, 0.747512, 0.747415, 0.747104, 0.690182, 0.693998, 0.515555, 0.27606, 0.723739, 0.744838, 0.826091, 0.947634, 0.913404, 0.805665, 0.770089, 0.779067, 0.899488, 0.900722, 0.664258, 0.530818, 0.70163, 0.766049, 1.08096, 1.24279, 1.2282, 1.26816, 1.21047, 1.18286, 1.19397, 1.1887, 0.823173, 1.08152, 1.23438, 1.32293, 1.15896, 0.729013, 0.849097, 0.880521, 0.932483, 0.965927, I am learning sign language
0, 0, 1.18472, 0, 0, 0.503704, 0.464815, 1.37778, 1.31343, 1.29398, 1.16574, 1.12037, 0, 0, 1.2303, 0.135227, 0.102273, 0.293561, 0.3875, 1.12727, 1.05871, 0.995833, 0.866667, 0.7125, 0, 0, 1.2875, 0.458065, 0.381855, 0.388306, 0.935484, 1.32218, 1.25444, 1.25685, 1.10323, 1.06008, 0, 0, 0.807387, 0, 0, 0, 1.1975, 1.25, 0.282357, 0, 0, 0, 0, 0, 0.215507, 0, 0.131563, 0, 0, 0, 0, 0.355922, 0, 0, 0.753228, 0.753228, 0.753289, 0.756783, 0.757566, 0.760538, 0.762636, 0.76509, 0.764573, 0.763775, 0.763554, 0.76329, 0.746227, 0.746206, 0.746214, 0.744272, 0.742784, 0.742825, 0.74291, 0.74259, 0.741971, 0.741868, 0.742102, 0.742066, 0.746767, 0.746779, 0.746795, 0.745175, 0.743689, 0.743689, 0.743729, 0.744215, 0.744017, 0.743679, 0.743942, 0.74392, 0.678511, 0.695794, -0.0939561, 0.592095, 0.876369, 0.995443, 0.831927, 0.846628, 0.932371, 0.826876, 0.736982, 0.84517, 0.850781, 0.846404, 0.105922, 1.04482, 0.540694, 1.10251, 1.0978, 1.297, 1.11351, 1.22439, 1.15189, 1.21294, 1.20048, 1.20408, 1.48711, 0.953919, 1.48958, 0.79231, 0.999371, 0.831927, 0.672226, 0.852128, 0.929228, 0.889724, I am learning sign language
0, 0, 1.00602, 0.679167, 0, 0.776389, 0, 1.18472, 1.37963, 1.32315, 1.30093, 0.680556, 0, 0, 1.27121, 1.1875, 0, 0.202652, 0, 0.913636, 1.1697, 1.02424, 0.985606, 0.382197, 0, 0, 1.28992, 1.2379, 0, 0.585081, 0.477823, 1.16411, 1.33548, 1.28427, 1.27661, 0.389919, 0, 0, 0, 0.474359, 0, 0, 0, 1.23504, 1.25, 0.331197, 0, 0, 0, 0, 0.530525, 0.32967, 0, 0.239316, 0, 0, 0.0537241, 0.205739, 0.360806, 0, 0.75, 0.75, 0.749884, 0.748634, 0.752454, 0.752391, 0.754393, 0.756982, 0.759371, 0.759506, 0.758746, 0.755553, 0.749887, 0.749887, 0.749899, 0.749758, 0.746361, 0.746098, 0.746563, 0.746401, 0.745924, 0.745382, 0.745403, 0.745377, 0.75013, 0.750129, 0.750132, 0.750166, 0.74773, 0.74716, 0.747374, 0.747647, 0.748184, 0.747997, 0.747751, 0.747494, 0.729462, 0.726544, 0.416346, 0.314106, 0.847638, 0.836752, 0.901508, 0.733615, 0.835742, 0.79635, 0.745735, 0.769528, 0.930575, 0.926647, 0.673909, 0.485029, 0.933156, 0.69961, 1.03629, 1.09173, 1.23426, 1.19207, 1.22057, 0.969069, 1.17995, 1.1841, 0.805777, 1.07804, 1.04157, 1.32169, 1.03181, 0.989383, 0.886357, 0.774578, 0.906783, 1.05795, I am learning sign language
0, 0, 1.3375, 1.22083, 0, 0, 0, 1.37176, 1.3787, 1.34491, 1.33194, 1.225, 0, 0, 1.24621, 1.2053, 0, 0, 0, 1.17538, 1.06136, 0.997727, 0.951894, 0.872348, 0, 0, 1.32056, 1.29234, 0, 0, 0.116935, 1.2746, 1.30968, 1.26653, 1.25806, 1.12661, 0, 0, 0.164225, 0.380647, 0, 0, 0, 1.25, 1.25, 0, 0, 0, 0, 0, 0, 0.00518926, 0, 0, 0, 0.0674603, 0.720085, 0.43956, 0.455128, 0, 0.754967, 0.754967, 0.75485, 0.754679, 0.758575, 0.758838, 0.760183, 0.762325, 0.763823, 0.763892, 0.763353, 0.763117, 0.745379, 0.745384, 0.745403, 0.745455, 0.741855, 0.741224, 0.741258, 0.741307, 0.740912, 0.740445, 0.740497, 0.740606, 0.747438, 0.747478, 0.747481, 0.747608, 0.745637, 0.745036, 0.745008, 0.745265, 0.745455, 0.745332, 0.745169, 0.745285, 0.727891, 0.725534, 0.372128, 0.134653, 0.775364, 0.694223, 0.75505, 0.765375, 0.836303, 0.859535, 0.83462, 0.800952, 0.871431, 0.864922, 0.55809, 0.551468, 0.998361, 0.67144, 0.94393, 1.13876, 1.26053, 1.19139, 1.22697, 1.20239, 1.19274, 1.20127, 0.876144, 1.05829, 0.921709, 1.37904, 1.24908, 1.06312, 0.939666, 0.771548, 0.831702, 0.923954, I am learning sign language
0, 0, 1.44028, 1.4, 1.00648, 0.652778, 0, 0.381481, 1.34815, 1.30278, 1.25417, 1.06944, 0, 0, 1.22348, 1.10492, 0.829545, 0.635227, 0, 0.109091, 1.06629, 1.01023, 0.959848, 0.695833, 0, 0, 1.33629, 1.31492, 0.968145, 0.581855, 0.0818548, 0.517742, 1.28831, 1.25847, 1.24516, 1.09274, 0, 0, 0, 0.584249, 0.206349, 0, 0, 0.988095, 1.25, 0.410562, 0, 0, 0, 0, 0.858669, 0.865079, 0.53022, 0, 0.0610501, 0.0934066, 0.25641, 0, 0, 0, 0.762876, 0.762876, 0.762775, 0.759851, 0.762128, 0.763426, 0.766304, 0.767702, 0.770117, 0.77071, 0.769374, 0.768976, 0.740313, 0.740298, 0.740348, 0.740853, 0.738903, 0.73593, 0.736076, 0.736031, 0.735619, 0.735223, 0.73493, 0.734917, 0.744947, 0.744982, 0.744981, 0.744428, 0.743719, 0.741421, 0.741432, 0.741457, 0.741842, 0.741915, 0.741415, 0.74153, 0.711955, 0.714536, 0.322298, 0.283804, 0.347101, 0.70365, 0.746633, 0.766273, 0.906895, 0.853923, 0.750449, 0.788158, 0.839558, 0.838324, 0.7243, 0.843711, 0.758193, 0.326226, 1.06963, 0.982649, 1.24268, 1.11059, 1.22192, 1.18028, 1.20711, 1.20082, 0.760325, 0.722953, 0.720035, 1.66935, 0.767508, 1.05391, 0.894438, 0.717678, 0.925076, 0.92328, I am learning sign language
0, 0, 1.44583, 1.2713, 0, 0, 0.0814815, 1.30833, 1.37824, 1.27407, 1.23704, 1.14444, 0, 0, 1.14356, 0.988258, 0.0181818, 0, 0, 1.1, 1.07462, 1.01818, 0.998106, 0.884848, 0, 0, 1.29677, 1.21935, 0.270968, 0.450403, 0, 1.27177, 1.30363, 1.26331, 1.25806, 1.20847, 0, 0, 0, 0, 0, 0, 0, 1.25, 1.25, 0, 0, 0, 0, 0, 1.25, 1.15751, 0, 0, 0.15293, 0, 0.214591, 0, 0.0387668, 0, 0.749992, 0.749992, 0.749888, 0.748616, 0.751534, 0.752461, 0.754299, 0.755683, 0.758162, 0.758107, 0.75761, 0.756762, 0.749834, 0.749833, 0.74984, 0.749399, 0.745956, 0.745701, 0.745715, 0.746141, 0.745426, 0.744686, 0.744574, 0.744772, 0.750028, 0.750025, 0.750021, 0.749878, 0.74745, 0.747176, 0.747123, 0.747409, 0.748105, 0.747934, 0.747515, 0.747627, 0.728228, 0.723065, 0.435537, 0.253502, 0.873451, 0.786362, 0.753816, 0.755387, 0.87289, 0.913068, 0.830019, 0.799717, 0.895784, 0.896907, 0.774129, 0.538113, 0.836977, 0.702303, 1.03046, 1.10722, 1.25806, 1.06603, 1.19454, 1.16379, 1.19611, 1.19229, 0.852913, 1.07165, 1.11474, 1.33437, 1.11238, 1.13068, 0.935738, 0.72531, 0.836191, 0.896233, I am learning sign language
0, 0, 1.4662, 1.4375, 0.659259, 0, 0, 0, 1.38472, 1.34398, 1.28194, 1.17454, 0, 0, 1.19318, 1.07197, 0.702652, 0.231061, 0, 0, 1.12348, 0.998106, 0.980682, 0.760227, 0, 0, 1.26573, 1.27702, 0.828629, 0.583468, 0, 0, 1.28387, 1.28105, 1.25081, 1.16774, 0, 0, 0, 1.1398, 0, 0, 0, 0, 1.25, 1.25, 0, 0, 0, 0, 1.25, 1.25, 0.712454, 0, 0, 0, 0.0668498, 0.0286935, 0.141636, 0, 0.756094, 0.756094, 0.755963, 0.75122, 0.752732, 0.754694, 0.756534, 0.757782, 0.76083, 0.761173, 0.761007, 0.760402, 0.74515, 0.745145, 0.745191, 0.745783, 0.74431, 0.741775, 0.741611, 0.741602, 0.741397, 0.740918, 0.740165, 0.740038, 0.747444, 0.747441, 0.747457, 0.747398, 0.746812, 0.744421, 0.74438, 0.744402, 0.744954, 0.744955, 0.744529, 0.744444, 0.738777, 0.735635, 0.413203, 0.409163, 0.416009, 0.8482, 0.783332, 0.870196, 0.717117, 0.900386, 0.832937, 0.894101, 0.885684, 0.885908, 0.856953, 0.623968, 0.804431, 0.631824, 0.787484, 1.01205, 1.00128, 1.19162, 1.25548, 1.18556, 1.19487, 1.19891, 0.704884, 0.927545, 0.925974, 1.32573, 1.19184, 1.23292, 0.766722, 0.909364, 0.87693, 0.813184, I am learning sign language
0, 0, 1.49722, 1.46111, 0.194907, 0.106481, 0, 1.31852, 1.38009, 1.22222, 1.15926, 0.427778, 0, 0, 1.15038, 1.09356, 0.363636, 0.345455, 0, 1.04848, 1.04659, 0.910227, 0.775, 0.212121, 0, 0, 1.21935, 1.25927, 0.458065, 0.439113, 0, 1.21653, 1.31532, 1.23831, 1.19476, 0.772984, 0, 0, 0, 1.25, 0, 0.835165, 0, 1.25, 1.25, 0.0369353, 0, 0, 0, 0, 1.25, 1.25, 0.043956, 0, 0, 0, 0, 0, 0, 0, 0.759334, 0.759334, 0.759203, 0.754405, 0.756868, 0.757384, 0.759693, 0.762226, 0.763914, 0.76432, 0.763621, 0.762056, 0.740226, 0.740225, 0.740284, 0.740765, 0.738717, 0.736389, 0.736211, 0.73614, 0.735824, 0.735534, 0.735248, 0.735488, 0.744549, 0.744551, 0.744565, 0.744436, 0.743543, 0.742005, 0.741689, 0.741661, 0.741809, 0.741624, 0.741247, 0.741327, 0.772782, 0.77368, 0.204683, 0.423528, 0.59838, 0.845057, 0.914751, 0.907456, 0.904202, 0.807012, 0.795677, 0.741246, 0.922831, 0.917669, 0.901845, -0.0845289, 1.08321, 0.38032, 1.07546, 1.12282, 1.27646, 1.11396, 1.19038, 1.08624, 1.185, 1.18432, 0.816776, 1.48913, 0.864136, 1.46747, 0.800054, 0.950327, 0.992637, 0.736533, 0.873788, 1.01441, I am learning sign language
0, 0, 0.342593, 1.34074, 1.26528, 1.25231, 1.2588, 1.19583, 1.23426, 1.12639, 1.05417, 1.10046, 0, 0, 0, 0.992045, 0.956818, 0.950758, 1.10909, 0.773485, 0.927273, 0.757576, 0.750758, 0.700758, 0, 0, 0, 0.0842742, 0.367742, 1.23669, 1.31411, 1.08468, 0.570565, 0.914113, 0.889919, 0.879435, 0, 0, 0, 0, 0, 0, 0.197192, 0, 0.199939, 0.454823, 0.506716, 0.0711233, 0, 0, 0.275031, 0.562271, 0.490537, 0, 0.32326, 0, 0, 0, 0, 0, 0.744891, 0.744891, 0.744978, 0.745553, 0.74489, 0.744226, 0.739189, 0.742605, 0.747463, 0.747556, 0.747169, 0.74683, 0.745273, 0.745253, 0.745347, 0.748755, 0.749013, 0.747293, 0.746105, 0.746502, 0.747469, 0.74786, 0.747871, 0.74722, 0.748854, 0.748868, 0.748896, 0.750459, 0.750803, 0.749574, 0.74713, 0.748799, 0.75077, 0.750224, 0.750664, 0.75042, 0.720933, 0.692539, 0.407479, 0.709037, 0.65079, 0.490977, 0.517127, 0.498384, 0.639904, 0.242055, 0.800166, 0.487723, 0.844159, 0.844159, 1.05223, 1.1098, 1.21788, 1.26962, 0.355518, 0.90914, 1.25009, 0.901396, 1.07165, 1.10733, 1.18892, 1.20464, 1.05941, 0.774578, 0.789953, 0.862453, 0.977038, 0.965029, 0.656626, 0.246881, 0.791637, 0.888265, See you later take care
, 0, 1.29954, 1.22222, 1.18472, 1.19954, 1.20231, 1.19722, 1.20648, 1.07917, 1.04167, 1.05602, 0, 0, 1.04167, 0.985227, 0.941288, 1.01023, 0.999242, 0.581439, 0.757197, 0.529167, 0.482955, 0.562121, 0, 0, 1.02218, 1.10323, 0, 1.33589, 1.32298, 1.15121, 0.228629, 0.0560484, 0, 0, 0, 0, 0, 0, 0, 0, 0.0851648, 0, 0, 0.505189, 0.571429, 0.57906, 0, 0, 0.610501, 0.637668, 0.0937118, 0.438034, 0.669109, 0.0924908, 0.138584, 0.119963, 0, 0, 0.744045, 0.744045, 0.744039, 0.743984, 0.744124, 0.740533, 0.737027, 0.740302, 0.744237, 0.746068, 0.745654, 0.745549, 0.745447, 0.745445, 0.745435, 0.745182, 0.744119, 0.74256, 0.742816, 0.742649, 0.743822, 0.744059, 0.743867, 0.743644, 0.749867, 0.749869, 0.749875, 0.749853, 0.748987, 0.746721, 0.745274, 0.746761, 0.749008, 0.748333, 0.748759, 0.748323, 0.620376, 0.616673, 0.62206, 0.671216, 0.63115, 0.428691, 0.536766, 0.58783, 0.682663, 0.234199, 0.768293, 0.379984, 0.864922, 0.865483, 1.21945, 1.20026, 1.25009, 0.768518, 0.34755, 0.801064, 1.10071, 1.11306, 1.06368, 1.05672, 1.17007, 1.17467, 0.837426, 0.832375, 0.796014, 1.05795, 0.963234, 0.898815, 0.8739, 0.76459, 0.75303, 0.816102, See you later take care
0, 0, 0.536574, 0.528704, 1.1037, 1.12824, 1.1088, 1.16204, 1.08889, 1.06991, 1.00509, 0.106481, 0, 0, 1.04167, 0.963636, 1.10947, 1.02235, 0.90303, 0.711364, 0.459848, 0.372348, 0.406061, 0, 0, 0, 0.972984, 0.819355, 1.34839, 1.33508, 0.794758, 0.410081, 0.320161, 0.394758, 0.432258, 0, 0, 0, 0, 0, 0.192613, 0.230159, 0, 0, 0.395604, 0.363553, 0.382479, 0, 0, 0, 0.275031, 0.010989, 0.0173993, 0.308608, 0, 0, 0, 0, 0, 0, 0.743122, 0.743084, 0.743065, 0.743042, 0.738954, 0.736698, 0.741159, 0.74395, 0.744368, 0.744124, 0.744351, 0.742262, 0.741741, 0.741751, 0.741763, 0.741543, 0.740364, 0.740611, 0.741256, 0.74215, 0.741992, 0.741987, 0.741812, 0.74, 0.747995, 0.748077, 0.748084, 0.747831, 0.744998, 0.743736, 0.746423, 0.748593, 0.747579, 0.748371, 0.747954, 0.747691, 0.569762, 0.556631, 0.665492, 0.467185, 0.399736, 0.609154, 0.474031, 0.638894, 0.37123, 0.857964, 0.439577, 0.473357, 0.788045, 0.79231, 1.07973, 1.22719, 0.545071, 0.363037, 0.858076, 1.38364, 1.02855, 1.08657, 1.09241, 0.993311, 1.17142, 1.16457, 0.93989, 0.978497, 0.991403, 0.887031, 0.904089, 0.691192, 0.509944, 0.791076, 0.789841, 0.966825, See you later take care
0, 0, 1.12593, 1.30509, 1.25185, 1.30602, 1.25509, 1.16806, 1.05787, 1.02963, 1.0662, 1.1037, 0, 0, 1.0928, 1.08523, 1.01742, 1.10417, 1.07462, 0.914773, 0.833712, 0.520833, 0.461364, 0.513258, 0, 0, 0, 0.352419, 0.847177, 1.23306, 1.23831, 0.887903, 0.100403, 0.308468, 0.221371, 0.284274, 0, 0, 0, 0, 0, 0, 0.1163, 0, 0.119353, 0.334249, 0.327534, 0.302503, 0, 0, 0.106838, 0.531136, 0.45757, 0.328755, 0.3721, 0.219475, 0.308303, 0.145299, 0.19475, 0.0592186, 0.75, 0.75, 0.750036, 0.748965, 0.748334, 0.746621, 0.743108, 0.746441, 0.750166, 0.750394, 0.750776, 0.75046, 0.749918, 0.749916, 0.750009, 0.752036, 0.752151, 0.750477, 0.75059, 0.751077, 0.752666, 0.7529, 0.753034, 0.752945, 0.750018, 0.750019, 0.750055, 0.751336, 0.75144, 0.749394, 0.74749, 0.748787, 0.75034, 0.75107, 0.75137, 0.750962, 0.744613, 0.757183, 0.255747, 0.710383, 0.559212, 0.530482, 0.482224, 0.378412, 0.304791, 0.834171, 0.566619, -0.169373, 0.838211, 0.837987, 1.28207, 1.08422, 1.163, 1.10161, 0.354845, 0.663809, 1.10935, 0.956837, 1.07883, 1.66935, 1.21025, 1.21014, 0.887367, 0.767059, 0.89051, 0.684683, 0.962224, 0.987924, 0.749439, 0.805665, 0.661003, 0.905997, See you later take care
0, 0, 1.3588, 1.18472, 1.34398, 1.32176, 1.05602, 0.920833, 0.923148, 0.875463, 0.541667, 0, 0, 0, 1.00947, 0.890152, 1.10947, 1.02841, 0.507955, 0.415909, 0.305682, 0.187879, 0.210985, 0.0102273, 0, 0, 1.01815, 0.398387, 1.3375, 1.30282, 0.147984, 0.554435, 0.0669355, 0, 0.0233871, 0.0326613, 0, 0, 0, 0, 0.10409, 0, 0, 0.0879121, 0.283272, 0.228632, 0, 0, 0, 0, 0.522589, 0.0998169, 0.108974, 0.136142, 0.219475, 0.199328, 0.100427, 0, 0, 0, 0.750147, 0.750147, 0.750132, 0.750048, 0.745587, 0.743944, 0.748747, 0.752021, 0.75218, 0.752503, 0.752532, 0.748624, 0.752267, 0.752253, 0.752265, 0.751989, 0.750328, 0.750484, 0.751062, 0.75281, 0.752444, 0.752146, 0.752081, 0.750613, 0.751031, 0.751003, 0.75101, 0.750546, 0.74761, 0.746918, 0.749382, 0.750581, 0.750654, 0.750964, 0.75067, 0.750134, 0.678623, 0.67144, 0.692876, 0.455064, 0.549224, 0.567741, 0.468868, 0.593217, 0.415111, 0.734625, 0.540133, 0.520718, 0.847526, 0.848873, 1.12249, 1.27411, 0.648209, 0.433516, 0.959418, 1.07176, 1.1079, 1.08927, 1.17265, 1.01497, 1.19925, 1.19476, 0.829906, 0.885459, 1.01867, 0.919801, 0.91015, 0.855831, 0.6931, 0.744613, 0.753479, 0.940115, See you later take care
0, 0, 1.3537, 1.28241, 1.3412, 1.28935, 1.09028, 0.893981, 0.989815, 1.03611, 0.544907, 0, 0, 0, 0.997348, 0.956818, 1.20265, 1.11515, 0.774621, 0.27197, 0.141667, 0.242424, 0, 0, 0, 0, 0.0233871, 0.67621, 1.29556, 1.29234, 0.565323, 0.15121, 0, 0, 0, 0, 0, 0, 0, 0, 0, 0.0927961, 0, 0, 0.206349, 0.190781, 0, 0, 0, 0, 0.448718, 0.243284, 0, 0.278999, 0.228327, 0.258852, 0.0912698, 0.0576923, 0, 0, 0.749799, 0.749799, 0.74978, 0.749512, 0.747493, 0.743232, 0.74694, 0.750237, 0.751088, 0.750886, 0.749769, 0.747028, 0.749984, 0.749972, 0.749984, 0.750141, 0.748483, 0.747985, 0.748419, 0.750133, 0.750365, 0.750216, 0.749357, 0.747039, 0.749881, 0.749883, 0.749894, 0.749817, 0.747581, 0.745287, 0.747127, 0.748658, 0.748464, 0.74835, 0.748092, 0.747173, 0.699834, 0.69961, 0.81902, 0.589514, 0.473133, 0.519596, 0.456411, 0.896233, 0.385146, -0.169373, 0.385595, 0.416458, 0.890959, 0.892418, 1.11519, 1.15559, 1.03035, 0.431609, 0.930463, 1.03259, 1.03484, 1.66935, 1.0097, 0.878726, 1.18971, 1.19644, 0.76459, 0.934952, 0.871543, 0.984557, 0.968733, 0.630252, 0.604777, 0.175728, 0.858413, 1.12787, See you later take care

